ThanhToan;001;Nguyen Van A;1234;700000;0
TietKiem;002;Tran Thi B;1234;1.2e+006;0;0.050000;12
TinDung;003;Le Van C;1234;200000;0;5000000.000000
ThanhToan;004;Huynh Tan Dat;1234;250000;0
ThanhToan;005;ngo thuy linh;1234;150000;0
