ThanhToan;001;Nguyen Van A;1234;702804;0
TietKiem;002;Tran Thi B;1234;1.45861e+006;0;0.050000;12
TinDung;003;Le Van C;1234;414720;0;5000000.000000
ThanhToan;004;Huynh Tan Dat;1234;200801;0
ThanhToan;005;ngo thuy linh;1234;200801;0
